<?xml version="1.0" encoding="UTF-8"?>
<project-private xmlns="http://www.netbeans.org/ns/project-private/1">
    <editor-bookmarks xmlns="http://www.netbeans.org/ns/editor-bookmarks/1"/>
    <editor-bookmarks xmlns="http://www.netbeans.org/ns/editor-bookmarks/2" lastBookmarkId="0"/>
    <open-files xmlns="http://www.netbeans.org/ns/projectui-open-files/2">
        <group>
            <file>file:/C:/Users/mypc/Desktop/sensorCMR/DemoPIC24FRouter/Router.c</file>
            <file>file:/C:/Users/mypc/Desktop/sensorCMR/Microchip/Common/delay.c</file>
            <file>file:/C:/Users/mypc/Desktop/sensorCMR/Microchip/Common/generic.h</file>
            <file>file:/C:/Users/mypc/Desktop/sensorCMR/Microchip/ZigBeeStack/zTest.h</file>
        </group>
    </open-files>
</project-private>
