<?xml version="1.0" encoding="UTF-8"?>
<configurationDescriptor version="62">
  <logicalFolder name="root" displayName="root" projectFiles="true">
    <logicalFolder name="HeaderFiles"
                   displayName="Header Files"
                   projectFiles="true">
      <logicalFolder name="sensor" displayName="sensor" projectFiles="true">
        <itemPath>../../Microchip/Common/SHT1x.h</itemPath>
        <itemPath>../../Microchip/Common/delay.h</itemPath>
      </logicalFolder>
      <logicalFolder name="ZigBee2006Res"
                     displayName="ZigBee2006Res"
                     projectFiles="true">
        <itemPath>../../Microchip/Common/sralloc.h</itemPath>
        <itemPath>../../Microchip/Common/Console.h</itemPath>
        <itemPath>../../Microchip/Common/MSPI.h</itemPath>
        <itemPath>../../Microchip/ZigBeeStack/zZDO.h</itemPath>
        <itemPath>../../Microchip/ZigBeeStack/SymbolTime.h</itemPath>
        <itemPath>../../Microchip/ZigBeeStack/zAPL.h</itemPath>
        <itemPath>../../Microchip/ZigBeeStack/zAPS.h</itemPath>
        <itemPath>../../Microchip/ZigBeeStack/zigbee.h</itemPath>
        <itemPath>../../Microchip/ZigBeeStack/ZigbeeTasks.h</itemPath>
        <itemPath>../../Microchip/ZigBeeStack/zMAC.h</itemPath>
        <itemPath>../../Microchip/ZigBeeStack/zMAC_MRF24J40.h</itemPath>
        <itemPath>../../Microchip/ZigBeeStack/zNVM.h</itemPath>
        <itemPath>../../Microchip/ZigBeeStack/zNWK.h</itemPath>
        <itemPath>../../Microchip/ZigBeeStack/zPHY.h</itemPath>
        <itemPath>../../Microchip/ZigBeeStack/zPHY_MRF24J40.h</itemPath>
        <itemPath>../../Microchip/ZigBeeStack/zSecurity.h</itemPath>
        <itemPath>../../Microchip/ZigBeeStack/zSecurity_MRF24J40.h</itemPath>
        <itemPath>../../Microchip/ZigBeeStack/zTest.h</itemPath>
      </logicalFolder>
      <itemPath>../../Microchip/Common/generic.h</itemPath>
      <itemPath>../../Microchip/Common/Compiler.h</itemPath>
    </logicalFolder>
    <logicalFolder name="LinkerScript"
                   displayName="Linker Files"
                   projectFiles="true">
    </logicalFolder>
    <logicalFolder name="SourceFiles"
                   displayName="Source Files"
                   projectFiles="true">
      <logicalFolder name="sensor" displayName="sensor" projectFiles="true">
        <itemPath>../../Microchip/Common/SHT1x.c</itemPath>
        <itemPath>../../Microchip/Common/delay.c</itemPath>
      </logicalFolder>
      <logicalFolder name="ZigBee2006Res"
                     displayName="ZigBee2006Res"
                     projectFiles="true">
        <itemPath>../../Microchip/Common/sralloc.c</itemPath>
        <itemPath>../../Microchip/Common/Console.c</itemPath>
        <itemPath>../../Microchip/Common/MSPI.c</itemPath>
        <itemPath>../../Microchip/ZigBeeStack/zZDO.c</itemPath>
        <itemPath>../../Microchip/ZigBeeStack/SymbolTime.c</itemPath>
        <itemPath>../../Microchip/ZigBeeStack/zAPS.c</itemPath>
        <itemPath>../../Microchip/ZigBeeStack/ZigbeeTasks.c</itemPath>
        <itemPath>../../Microchip/ZigBeeStack/zMAC_MRF24J40.c</itemPath>
        <itemPath>../../Microchip/ZigBeeStack/zNVM.c</itemPath>
        <itemPath>../../Microchip/ZigBeeStack/zNWK.c</itemPath>
        <itemPath>../../Microchip/ZigBeeStack/zPHY_MRF24J40.c</itemPath>
        <itemPath>../../Microchip/ZigBeeStack/zSecurity_MRF24J40.c</itemPath>
        <itemPath>../myZigBee.c</itemPath>
      </logicalFolder>
      <itemPath>../Router.c</itemPath>
    </logicalFolder>
    <logicalFolder name="ExternalFiles"
                   displayName="Important Files"
                   projectFiles="false">
      <itemPath>Makefile</itemPath>
    </logicalFolder>
    <logicalFolder name="OtherFiles" displayName="Other Files" projectFiles="false">
      <itemPath>../zigbee.def</itemPath>
    </logicalFolder>
  </logicalFolder>
  <sourceRootList>
    <Elem>..</Elem>
    <Elem>../../Microchip/Common</Elem>
  </sourceRootList>
  <projectmakefile>Makefile</projectmakefile>
  <confs>
    <conf name="default" type="2">
      <toolsSet>
        <developmentServer>localhost</developmentServer>
        <targetDevice>PIC24FJ128GA306</targetDevice>
        <targetHeader></targetHeader>
        <targetPluginBoard></targetPluginBoard>
        <platformTool>PICkit3PlatformTool</platformTool>
        <languageToolchain>C30</languageToolchain>
        <languageToolchainVersion>3_31</languageToolchainVersion>
        <platform>3</platform>
      </toolsSet>
      <compileType>
        <linkerTool>
          <linkerLibItems>
          </linkerLibItems>
        </linkerTool>
        <archiverTool>
        </archiverTool>
        <loading>
          <useAlternateLoadableFile>false</useAlternateLoadableFile>
          <parseOnProdLoad>false</parseOnProdLoad>
          <alternateLoadableFile></alternateLoadableFile>
        </loading>
        <subordinates>
        </subordinates>
      </compileType>
      <makeCustomizationType>
        <makeCustomizationPreStepEnabled>false</makeCustomizationPreStepEnabled>
        <makeCustomizationPreStep></makeCustomizationPreStep>
        <makeCustomizationPostStepEnabled>false</makeCustomizationPostStepEnabled>
        <makeCustomizationPostStep></makeCustomizationPostStep>
        <makeCustomizationPutChecksumInUserID>false</makeCustomizationPutChecksumInUserID>
        <makeCustomizationEnableLongLines>false</makeCustomizationEnableLongLines>
        <makeCustomizationNormalizeHexFile>false</makeCustomizationNormalizeHexFile>
      </makeCustomizationType>
      <C30>
        <property key="code-model" value="default"/>
        <property key="const-model" value="default"/>
        <property key="data-model" value="default"/>
        <property key="enable-all-warnings" value="false"/>
        <property key="enable-ansi-std" value="false"/>
        <property key="enable-ansi-warnings" value="false"/>
        <property key="enable-fatal-warnings" value="false"/>
        <property key="enable-large-arrays" value="false"/>
        <property key="enable-omit-frame-pointer" value="false"/>
        <property key="enable-procedural-abstraction" value="false"/>
        <property key="enable-short-double" value="false"/>
        <property key="enable-symbols" value="true"/>
        <property key="enable-unroll-loops" value="false"/>
        <property key="extra-include-directories"
                  value="../../microchip/ZigBeeStack;../../../DemoPIC24FRouter;../../../microchip/ZigBeeStack;../../microchip/Common;../../ZigBeeStack;..;../../Common;../../Microchip/Common;../../Microchip/ZigBeeStack;;."/>
        <property key="isolate-each-function" value="false"/>
        <property key="optimization-level" value="2"/>
        <property key="post-instruction-scheduling" value="default"/>
        <property key="pre-instruction-scheduling" value="default"/>
        <property key="preprocessor-macros" value=""/>
        <property key="scalar-model" value="default"/>
      </C30>
      <C30-AS>
        <property key="assembler-symbols" value=""/>
        <property key="expand-macros" value="false"/>
        <property key="extra-include-directories-for-assembler" value="..;;."/>
        <property key="extra-include-directories-for-preprocessor" value=""/>
        <property key="false-conditionals" value="false"/>
        <property key="keep-locals" value="false"/>
        <property key="list-assembly" value="false"/>
        <property key="list-section-info" value="false"/>
        <property key="list-source" value="false"/>
        <property key="list-symbols" value="false"/>
        <property key="oXC16asm-list-to-file" value="false"/>
        <property key="omit-debug-dirs" value="false"/>
        <property key="omit-forms" value="false"/>
        <property key="preprocessor-macros" value=""/>
        <property key="relax" value="false"/>
        <property key="warning-level" value="emit-warnings"/>
        <appendMe value="-g"/>
      </C30-AS>
      <C30-LD>
        <property key="boot-eeprom" value="no_eeprom"/>
        <property key="boot-flash" value="no_flash"/>
        <property key="boot-ram" value="no_ram"/>
        <property key="boot-write-protect" value="no_write_protect"/>
        <property key="enable-check-sections" value="false"/>
        <property key="enable-data-init" value="true"/>
        <property key="enable-default-isr" value="true"/>
        <property key="enable-handles" value="true"/>
        <property key="enable-pack-data" value="true"/>
        <property key="extra-lib-directories"
                  value="C:\Program Files\Microchip\MPLAB C30\lib;;."/>
        <property key="general-code-protect" value="no_code_protect"/>
        <property key="general-write-protect" value="no_write_protect"/>
        <property key="generate-cross-reference-file" value="false"/>
        <property key="heap-size" value="4090"/>
        <property key="input-libraries" value=""/>
        <property key="linker-symbols" value=""/>
        <property key="map-file" value=""/>
        <property key="preprocessor-macros" value=""/>
        <property key="remove-unused-sections" value="false"/>
        <property key="report-memory-usage" value="false"/>
        <property key="secure-eeprom" value="no_eeprom"/>
        <property key="secure-flash" value="no_flash"/>
        <property key="secure-ram" value="no_ram"/>
        <property key="secure-write-protect" value="no_write_protect"/>
        <property key="stack-size" value=""/>
        <property key="symbol-stripping" value=""/>
        <property key="trace-symbols" value=""/>
        <property key="warn-section-align" value="false"/>
      </C30-LD>
      <C30Global>
        <property key="fast-math" value="false"/>
        <property key="legacy-libc" value="false"/>
        <property key="output-file-format" value="elf"/>
      </C30Global>
      <PICkit3PlatformTool>
        <property key="ADC 1" value="true"/>
        <property key="AutoSelectMemRanges" value="auto"/>
        <property key="CLOCK CONTROL" value="true"/>
        <property key="COMPARATOR" value="true"/>
        <property key="CRC" value="true"/>
        <property key="CTMU" value="true"/>
        <property key="Freeze All Other Peripherals" value="true"/>
        <property key="I2C1" value="true"/>
        <property key="I2C2" value="true"/>
        <property key="INPUT CAPTURE 1" value="true"/>
        <property key="INPUT CAPTURE 2" value="true"/>
        <property key="INPUT CAPTURE 3" value="true"/>
        <property key="INPUT CAPTURE 4" value="true"/>
        <property key="INPUT CAPTURE 5" value="true"/>
        <property key="INPUT CAPTURE 6" value="true"/>
        <property key="INPUT CAPTURE 7" value="true"/>
        <property key="OUTPUT COMPARE 1" value="true"/>
        <property key="OUTPUT COMPARE 2" value="true"/>
        <property key="OUTPUT COMPARE 3" value="true"/>
        <property key="OUTPUT COMPARE 4" value="true"/>
        <property key="OUTPUT COMPARE 5" value="true"/>
        <property key="OUTPUT COMPARE 6" value="true"/>
        <property key="OUTPUT COMPARE 7" value="true"/>
        <property key="RTCC" value="true"/>
        <property key="SPI 1" value="true"/>
        <property key="SPI 2" value="true"/>
        <property key="SecureSegment.SegmentProgramming" value="FullChipProgramming"/>
        <property key="TIMER1" value="true"/>
        <property key="TIMER2" value="true"/>
        <property key="TIMER3" value="true"/>
        <property key="TIMER4" value="true"/>
        <property key="TIMER5" value="true"/>
        <property key="ToolFirmwareFilePath"
                  value="Press to browse for a specific firmware version"/>
        <property key="ToolFirmwareOption.UseLatestFirmware" value="true"/>
        <property key="UART 1" value="true"/>
        <property key="UART 2" value="true"/>
        <property key="UART 3" value="true"/>
        <property key="UART 4" value="true"/>
        <property key="hwtoolclock.frcindebug" value="false"/>
        <property key="memories.aux" value="false"/>
        <property key="memories.bootflash" value="true"/>
        <property key="memories.configurationmemory" value="true"/>
        <property key="memories.eeprom" value="true"/>
        <property key="memories.flashdata" value="true"/>
        <property key="memories.id" value="true"/>
        <property key="memories.programmemory" value="true"/>
        <property key="memories.programmemory.end" value="0x157f7"/>
        <property key="memories.programmemory.start" value="0x0"/>
        <property key="poweroptions.powerenable" value="false"/>
        <property key="programmertogo.imagename" value=""/>
        <property key="programoptions.donoteraseauxmem" value="false"/>
        <property key="programoptions.eraseb4program" value="true"/>
        <property key="programoptions.pgmspeed" value="2"/>
        <property key="programoptions.preserveeeprom" value="false"/>
        <property key="programoptions.preserveprogramrange" value="false"/>
        <property key="programoptions.preserveprogramrange.end" value="0x157f7"/>
        <property key="programoptions.preserveprogramrange.start" value="0x0"/>
        <property key="programoptions.preserveuserid" value="false"/>
        <property key="programoptions.testmodeentrymethod" value="VPPFirst"/>
        <property key="programoptions.usehighvoltageonmclr" value="false"/>
        <property key="programoptions.uselvpprogramming" value="false"/>
        <property key="voltagevalue" value="3.25"/>
      </PICkit3PlatformTool>
    </conf>
  </confs>
</configurationDescriptor>
