<?xml version="1.0" encoding="UTF-8"?>
<configurationDescriptor version="62">
  <logicalFolder name="root" displayName="root" projectFiles="true">
    <logicalFolder name="HeaderFiles"
                   displayName="Header Files"
                   projectFiles="true">
      <logicalFolder name="f1" displayName="sensor" projectFiles="true">
        <itemPath>../../Microchip/Common/delay.h</itemPath>
        <itemPath>../../Microchip/Common/SHT1x.h</itemPath>
        <itemPath>../PTC06.h</itemPath>
      </logicalFolder>
      <logicalFolder name="ZigBee2006Res"
                     displayName="ZigBee2006Res"
                     projectFiles="true">
        <itemPath>../../Microchip/Common/sralloc.h</itemPath>
        <itemPath>../../Microchip/Common/Console.h</itemPath>
        <itemPath>../../Microchip/Common/MSPI.h</itemPath>
        <itemPath>../../Microchip/ZigBeeStack/zZDO.h</itemPath>
        <itemPath>../../Microchip/ZigBeeStack/SymbolTime.h</itemPath>
        <itemPath>../../Microchip/ZigBeeStack/zAPL.h</itemPath>
        <itemPath>../../Microchip/ZigBeeStack/zAPS.h</itemPath>
        <itemPath>../../Microchip/ZigBeeStack/zigbee.h</itemPath>
        <itemPath>../../Microchip/ZigBeeStack/ZigbeeTasks.h</itemPath>
        <itemPath>../../Microchip/ZigBeeStack/zMAC.h</itemPath>
        <itemPath>../../Microchip/ZigBeeStack/zMAC_MRF24J40.h</itemPath>
        <itemPath>../../Microchip/ZigBeeStack/zNVM.h</itemPath>
        <itemPath>../../Microchip/ZigBeeStack/zNWK.h</itemPath>
        <itemPath>../../Microchip/ZigBeeStack/zPHY.h</itemPath>
        <itemPath>../../Microchip/ZigBeeStack/zPHY_MRF24J40.h</itemPath>
        <itemPath>../../Microchip/ZigBeeStack/zSecurity.h</itemPath>
        <itemPath>../../Microchip/ZigBeeStack/zSecurity_MRF24J40.h</itemPath>
        <itemPath>../../Microchip/ZigBeeStack/zTest.h</itemPath>
        <itemPath>../../Microchip/Common/i2c_t.h</itemPath>
      </logicalFolder>
      <itemPath>../../Microchip/Common/generic.h</itemPath>
      <itemPath>../../Microchip/Common/Compiler.h</itemPath>
    </logicalFolder>
    <logicalFolder name="LinkerScript"
                   displayName="Linker Files"
                   projectFiles="true">
    </logicalFolder>
    <logicalFolder name="SourceFiles"
                   displayName="Source Files"
                   projectFiles="true">
      <logicalFolder name="f1" displayName="sensor" projectFiles="true">
        <itemPath>../../Microchip/Common/delay.c</itemPath>
        <itemPath>../../Microchip/Common/SHT1x.c</itemPath>
        <itemPath>../PTC06.c</itemPath>
      </logicalFolder>
      <logicalFolder name="ZigBee2006Res"
                     displayName="ZigBee2006Res"
                     projectFiles="true">
        <itemPath>../../Microchip/Common/sralloc.c</itemPath>
        <itemPath>../../Microchip/Common/Console.c</itemPath>
        <itemPath>../../Microchip/Common/MSPI.c</itemPath>
        <itemPath>../../Microchip/ZigBeeStack/zZDO.C</itemPath>
        <itemPath>../../Microchip/ZigBeeStack/SymbolTime.c</itemPath>
        <itemPath>../../Microchip/ZigBeeStack/zAPS.c</itemPath>
        <itemPath>../../Microchip/ZigBeeStack/ZigbeeTasks.c</itemPath>
        <itemPath>../../Microchip/ZigBeeStack/zMAC_MRF24J40.c</itemPath>
        <itemPath>../../Microchip/ZigBeeStack/zNVM.c</itemPath>
        <itemPath>../../Microchip/ZigBeeStack/zNWK.c</itemPath>
        <itemPath>../../Microchip/ZigBeeStack/zPHY_MRF24J40.c</itemPath>
        <itemPath>../../Microchip/ZigBeeStack/zSecurity_MRF24J40.c</itemPath>
        <itemPath>../myZigBee.c</itemPath>
        <itemPath>../../Microchip/Common/i2c_t.c</itemPath>
      </logicalFolder>
      <itemPath>../Router.c</itemPath>
    </logicalFolder>
    <logicalFolder name="ExternalFiles"
                   displayName="Important Files"
                   projectFiles="false">
      <itemPath>Makefile</itemPath>
    </logicalFolder>
    <logicalFolder name="OtherFiles" displayName="Other Files" projectFiles="false">
      <itemPath>../zigbee.def</itemPath>
      <itemPath>../Readme.txt</itemPath>
    </logicalFolder>
  </logicalFolder>
  <sourceRootList>
    <Elem>C:/Program Files (x86)/Microchip/MPLAB C30/support/PIC24F/h</Elem>
    <Elem>../../..</Elem>
  </sourceRootList>
  <projectmakefile>Makefile</projectmakefile>
  <confs>
    <conf name="default" type="2">
      <toolsSet>
        <developmentServer>localhost</developmentServer>
        <targetDevice>PIC24FJ128GA306</targetDevice>
        <targetHeader></targetHeader>
        <targetPluginBoard></targetPluginBoard>
        <platformTool>Simulator</platformTool>
        <languageToolchain>C30</languageToolchain>
        <languageToolchainVersion>3_31</languageToolchainVersion>
        <platform>3</platform>
      </toolsSet>
      <compileType>
        <linkerTool>
          <linkerLibItems>
          </linkerLibItems>
        </linkerTool>
        <archiverTool>
        </archiverTool>
        <loading>
          <useAlternateLoadableFile>false</useAlternateLoadableFile>
          <parseOnProdLoad>false</parseOnProdLoad>
          <alternateLoadableFile>../DemoPIC24FRouter.hex</alternateLoadableFile>
        </loading>
        <subordinates>
        </subordinates>
      </compileType>
      <makeCustomizationType>
        <makeCustomizationPreStepEnabled>false</makeCustomizationPreStepEnabled>
        <makeCustomizationPreStep></makeCustomizationPreStep>
        <makeCustomizationPostStepEnabled>false</makeCustomizationPostStepEnabled>
        <makeCustomizationPostStep></makeCustomizationPostStep>
        <makeCustomizationPutChecksumInUserID>false</makeCustomizationPutChecksumInUserID>
        <makeCustomizationEnableLongLines>false</makeCustomizationEnableLongLines>
        <makeCustomizationNormalizeHexFile>false</makeCustomizationNormalizeHexFile>
      </makeCustomizationType>
      <C30>
        <property key="code-model" value="default"/>
        <property key="const-model" value="default"/>
        <property key="data-model" value="default"/>
        <property key="disable-instruction-scheduling" value="false"/>
        <property key="enable-all-warnings" value="false"/>
        <property key="enable-ansi-std" value="false"/>
        <property key="enable-ansi-warnings" value="false"/>
        <property key="enable-fatal-warnings" value="false"/>
        <property key="enable-large-arrays" value="false"/>
        <property key="enable-omit-frame-pointer" value="false"/>
        <property key="enable-procedural-abstraction" value="false"/>
        <property key="enable-short-double" value="false"/>
        <property key="enable-symbols" value="true"/>
        <property key="enable-unroll-loops" value="false"/>
        <property key="extra-include-directories"
                  value="..;../../ZigBeeStack;../../Common;../../microchip/Common;../../../microchip/ZigBeeStack;../../../DemoPIC24FRouter;../../microchip/ZigBeeStack;../../Microchip/Common;../../Microchip/ZigBeeStack"/>
        <property key="isolate-each-function" value="false"/>
        <property key="keep-inline" value="false"/>
        <property key="oXC16gcc-align-arr" value="false"/>
        <property key="oXC16gcc-cnsts-mauxflash" value="false"/>
        <property key="oXC16gcc-data-sects" value="false"/>
        <property key="oXC16gcc-errata" value=""/>
        <property key="oXC16gcc-fillupper" value=""/>
        <property key="oXC16gcc-large-aggregate" value="false"/>
        <property key="oXC16gcc-mauxflash" value="false"/>
        <property key="oXC16gcc-mpa-lvl" value=""/>
        <property key="oXC16gcc-name-text-sec" value=""/>
        <property key="oXC16gcc-near-chars" value="false"/>
        <property key="oXC16gcc-no-isr-warn" value="false"/>
        <property key="oXC16gcc-sfr-warn" value="false"/>
        <property key="oXC16gcc-smar-io-lvl" value="1"/>
        <property key="oXC16gcc-smart-io-fmt" value=""/>
        <property key="optimization-level" value="0"/>
        <property key="post-instruction-scheduling" value="default"/>
        <property key="pre-instruction-scheduling" value="default"/>
        <property key="preprocessor-macros" value=""/>
        <property key="scalar-model" value="default"/>
        <property key="use-cci" value="false"/>
        <property key="use-iar" value="false"/>
      </C30>
      <C30-AS>
        <property key="assembler-symbols" value=""/>
        <property key="expand-macros" value="false"/>
        <property key="extra-include-directories-for-assembler" value=".."/>
        <property key="extra-include-directories-for-preprocessor" value=""/>
        <property key="false-conditionals" value="false"/>
        <property key="keep-locals" value="false"/>
        <property key="list-assembly" value="false"/>
        <property key="list-section-info" value="false"/>
        <property key="list-source" value="false"/>
        <property key="list-symbols" value="false"/>
        <property key="oXC16asm-list-to-file" value="false"/>
        <property key="omit-debug-dirs" value="false"/>
        <property key="omit-forms" value="false"/>
        <property key="preprocessor-macros" value=""/>
        <property key="relax" value="false"/>
        <property key="warning-level" value="emit-warnings"/>
        <appendMe value="-g"/>
      </C30-AS>
      <C30-LD>
        <property key="additional-options-use-response-files" value="false"/>
        <property key="boot-eeprom" value="no_eeprom"/>
        <property key="boot-flash" value="no_flash"/>
        <property key="boot-ram" value="no_ram"/>
        <property key="boot-write-protect" value="no_write_protect"/>
        <property key="enable-check-sections" value="false"/>
        <property key="enable-data-init" value="true"/>
        <property key="enable-default-isr" value="true"/>
        <property key="enable-handles" value="true"/>
        <property key="enable-pack-data" value="true"/>
        <property key="extra-lib-directories"
                  value="../../../../../../../../Program Files/Microchip/MPLAB C30/lib"/>
        <property key="fill-flash-options-addr" value=""/>
        <property key="fill-flash-options-const" value=""/>
        <property key="fill-flash-options-how" value="0"/>
        <property key="fill-flash-options-inc-const" value="1"/>
        <property key="fill-flash-options-increment" value=""/>
        <property key="fill-flash-options-seq" value=""/>
        <property key="fill-flash-options-what" value="0"/>
        <property key="general-code-protect" value="no_code_protect"/>
        <property key="general-write-protect" value="no_write_protect"/>
        <property key="generate-cross-reference-file" value="false"/>
        <property key="heap-size" value="1000"/>
        <property key="input-libraries" value=""/>
        <property key="linker-stack" value="true"/>
        <property key="linker-symbols" value=""/>
        <property key="map-file" value=""/>
        <property key="oXC16ld-extra-opts" value=""/>
        <property key="oXC16ld-fill-upper" value="0"/>
        <property key="oXC16ld-force-link" value="false"/>
        <property key="oXC16ld-no-smart-io" value="false"/>
        <property key="oXC16ld-nostdlib" value="false"/>
        <property key="oXC16ld-stackguard" value="16"/>
        <property key="preprocessor-macros" value=""/>
        <property key="remove-unused-sections" value="false"/>
        <property key="report-memory-usage" value="false"/>
        <property key="secure-eeprom" value="no_eeprom"/>
        <property key="secure-flash" value="no_flash"/>
        <property key="secure-ram" value="no_ram"/>
        <property key="secure-write-protect" value="no_write_protect"/>
        <property key="stack-size" value=""/>
        <property key="symbol-stripping" value=""/>
        <property key="trace-symbols" value=""/>
        <property key="warn-section-align" value="false"/>
      </C30-LD>
      <C30Global>
        <property key="fast-math" value="false"/>
        <property key="legacy-libc" value="false"/>
        <property key="output-file-format" value="elf"/>
      </C30Global>
    </conf>
  </confs>
</configurationDescriptor>
